Keyword,Tag,Pagina target,Priorità
stili di attaccamento,Head,/,Alta
stile di attaccamento,Head,/,Alta
attaccamento nelle relazioni,Head,/,Alta
teoria dell'attaccamento,Teoria,/fondamenti.html,Alta
tipi di attaccamento,Teoria,/stili-base.html,Alta
4 stili di attaccamento,Teoria,/stili-base.html,Alta
attaccamento adulto,Teoria,/fondamenti.html,Alta
attaccamento negli adulti,Teoria,/fondamenti.html,Alta
test attaccamento,Test,/test.html,Alta
test stile di attaccamento,Test,/test.html,Alta
test attaccamento adulti,Test,/test.html,Alta
questionario attaccamento,Test,/test.html,Alta
come sapere il mio stile di attaccamento,Test,/test.html,Alta
test attaccamento online,Test,/test.html,Alta
test attaccamento gratuito,Test,/test.html,Alta
attaccamento ansioso,Stile,/stili-base.html,Alta
attaccamento ansioso preoccupato,Stile,/stili-base.html,Alta
stile ansioso,Stile,/stili-base.html,Alta
attaccamento evitante,Stile,/stili-base.html,Alta
attaccamento evitante dismissivo,Stile,/stili-base.html,Alta
stile evitante,Stile,/stili-base.html,Alta
attaccamento sicuro,Stile,/stili-base.html,Alta
attaccamento secure,Stile,/stili-base.html,Media
attaccamento oscillante,Stile,/stili-base.html,Alta
attaccamento disorganizzato,Stile,/stili-base.html,Media
attaccamento pauroso evitante,Stile,/stili-base.html,Media
panico di abbandono,Sintomi,/profili/ansioso-alto.html,Alta
paura dell'abbandono,Sintomi,/profili/ansioso-medio.html,Alta
paura dell'intimità,Sintomi,/profili/evitante-medio.html,Alta
paura della vicinanza,Sintomi,/profili/evitante-alto.html,Alta
bisogno di spazio nella relazione,Sintomi,/profili/evitante-basso.html,Media
ansioso alto,Profilo,/profili/ansioso-alto.html,Media
ansioso medio,Profilo,/profili/ansioso-medio.html,Media
ansioso basso,Profilo,/profili/ansioso-basso.html,Media
evitante alto,Profilo,/profili/evitante-alto.html,Media
evitante medio,Profilo,/profili/evitante-medio.html,Media
evitante basso,Profilo,/profili/evitante-basso.html,Media
secure alto,Profilo,/profili/secure-alto.html,Media
secure medio,Profilo,/profili/secure-medio.html,Media
secure basso,Profilo,/profili/secure-basso.html,Media
oscillante alto,Profilo,/profili/disorganizzato-alto.html,Media
oscillante medio,Profilo,/profili/disorganizzato-medio.html,Media
oscillante basso,Profilo,/profili/disorganizzato-basso.html,Media
modello a gradienti attaccamento,Teoria,/modello-gradienti.html,Media
livelli di attaccamento,Teoria,/modello-gradienti.html,Media
modelli operativi interni,Teoria,/fondamenti.html,Alta
modello operativo interno,Teoria,/fondamenti.html,Alta
bowlby attaccamento,Teoria,/fondamenti.html,Media
ainsworth stili attaccamento,Teoria,/fondamenti.html,Media
secure base attaccamento,Teoria,/fondamenti.html,Media
dinamiche di coppia attaccamento,Coppia,/dinamiche-coppia.html,Alta
stili di attaccamento in coppia,Coppia,/dinamiche-coppia.html,Alta
ansioso evitante coppia,Coppia,/dinamiche-coppia.html,Alta
coppia ansioso ansioso,Coppia,/dinamiche-coppia.html,Media
coppia evitante evitante,Coppia,/dinamiche-coppia.html,Media
come capire il partner,Coppia,/dinamiche-coppia.html,Alta
come supportare partner ansioso,Supporto,/come-supportare-partner.html,Alta
come supportare partner evitante,Supporto,/come-supportare-partner.html,Alta
partner con attaccamento ansioso,Supporto,/come-supportare-partner.html,Media
partner con attaccamento evitante,Supporto,/come-supportare-partner.html,Media
quando cercare aiuto psicologico,Supporto,/quando-cercare-aiuto.html,Alta
terapia di coppia attaccamento,Supporto,/quando-cercare-aiuto.html,Alta
terapia EFT coppia,Supporto,/quando-cercare-aiuto.html,Media
esercizi attaccamento ansioso,Esercizi,/esercizi.html,Alta
esercizi attaccamento evitante,Esercizi,/esercizi.html,Alta
esercizi per relazioni,Esercizi,/esercizi.html,Media
focusing attaccamento,Esercizi,/approfondimenti/focusing.html,Media
mappa personale attaccamento,Strumenti,/mappa-personale.html,Media
archetipi attaccamento,Strumenti,/archetipi.html,Bassa
tarocchi attaccamento,Strumenti,/mazzo-tarocchi.html,Bassa
libri attaccamento,Libri,/libri.html,Alta
attached libro,Libri,/libri/attached.html,Media
hold me tight italiano,Libri,/libri/hold-me-tight.html,Media
secure base bowlby,Libri,/libri/secure-base.html,Media
the body keeps the score italiano,Libri,/libri/the-body-keeps-the-score.html,Bassa
come gestire attaccamento ansioso,Long-tail,/profili/ansioso-medio.html,Alta
come gestire attaccamento evitante,Long-tail,/profili/evitante-medio.html,Alta
perché mi sento abbandonato,Long-tail,/profili/ansioso-alto.html,Alta
perché ho paura dell'intimità,Long-tail,/profili/evitante-alto.html,Alta
perché oscillo tra vicinanza e distanza,Long-tail,/profili/disorganizzato-medio.html,Alta
come migliorare attaccamento ansioso,Long-tail,/esercizi.html,Alta
come diventare più secure,Long-tail,/profili/secure-basso.html,Media
attaccamento e sessualità,Approfondimento,/approfondimenti/sessualita.html,Media
attaccamento e genitorialità,Approfondimento,/approfondimenti/genitorialita.html,Media
attaccamento e famiglia,Approfondimento,/approfondimenti/famiglia.html,Media
attaccamento e lavoro,Approfondimento,/approfondimenti/lavoro.html,Media
attaccamento e lutto,Approfondimento,/approfondimenti/lutto.html,Media
attaccamento e separazione,Approfondimento,/approfondimenti/separazione.html,Media
attaccamento e tradimento,Approfondimento,/approfondimenti/tradimento.html,Media
attaccamento e amicizie,Approfondimento,/approfondimenti/amicizie.html,Media
attaccamento e crescita personale,Approfondimento,/approfondimenti/crescita.html,Media
storie attaccamento,Contenuti,/storie-reali.html,Bassa
glossario attaccamento,Risorse,/risorse.html,Bassa
cos'è l'attaccamento,Domanda,/fondamenti.html,Alta
cosa significa attaccamento ansioso,Domanda,/stili-base.html,Alta
cosa significa attaccamento evitante,Domanda,/stili-base.html,Alta
differenza tra ansioso ed evitante,Domanda,/dinamiche-coppia.html,Alta
si può cambiare stile di attaccamento,Domanda,/modello-gradienti.html,Alta
attaccamento e trauma,Domanda,/fondamenti.html,Media
attaccamento e infanzia,Domanda,/fondamenti.html,Media
