keyword,categoria,priorita,url_target
stili di attaccamento,brand e head,alta,https://stiliattaccamento.com/
stile di attaccamento,brand e head,alta,https://stiliattaccamento.com/
attaccamento adulto,brand e head,alta,https://stiliattaccamento.com/fondamenti.html
teoria dell'attaccamento,brand e head,alta,https://stiliattaccamento.com/fondamenti.html
attaccamento nelle relazioni,brand e head,alta,https://stiliattaccamento.com/stili-base.html
consapevolezza relazionale,brand e head,alta,https://stiliattaccamento.com/
stiliattaccamento,brand e head,alta,https://stiliattaccamento.com/
stili di attaccamento test,brand e head,alta,https://stiliattaccamento.com/test.html
test stile di attaccamento,brand e head,alta,https://stiliattaccamento.com/test.html
test attaccamento adulto,brand e head,alta,https://stiliattaccamento.com/test.html
test attaccamento gratuito,brand e head,alta,https://stiliattaccamento.com/test.html
quale stile di attaccamento ho,brand e head,alta,https://stiliattaccamento.com/test.html
attaccamento sicuro,i 4 stili,alta,https://stiliattaccamento.com/stili-base.html
attaccamento secure,i 4 stili,alta,https://stiliattaccamento.com/stili-base.html
stile secure,i 4 stili,alta,https://stiliattaccamento.com/stili-base.html
attaccamento ansioso,i 4 stili,alta,https://stiliattaccamento.com/stili-base.html
attaccamento ansioso preoccupato,i 4 stili,alta,https://stiliattaccamento.com/stili-base.html
stile ansioso,i 4 stili,alta,https://stiliattaccamento.com/stili-base.html
attaccamento evitante,i 4 stili,alta,https://stiliattaccamento.com/stili-base.html
attaccamento evitante dismissivo,i 4 stili,alta,https://stiliattaccamento.com/stili-base.html
stile evitante,i 4 stili,alta,https://stiliattaccamento.com/stili-base.html
attaccamento oscillante,i 4 stili,alta,https://stiliattaccamento.com/stili-base.html
attaccamento pauroso evitante,i 4 stili,alta,https://stiliattaccamento.com/stili-base.html
attaccamento disorganizzato,i 4 stili,media,https://stiliattaccamento.com/stili-base.html
stile disorganizzato,i 4 stili,media,https://stiliattaccamento.com/stili-base.html
ansioso alto,profili intensita,alta,https://stiliattaccamento.com/profili/ansioso-alto.html
ansioso medio,profili intensita,alta,https://stiliattaccamento.com/profili/ansioso-medio.html
ansioso basso,profili intensita,alta,https://stiliattaccamento.com/profili/ansioso-basso.html
evitante alto,profili intensita,alta,https://stiliattaccamento.com/profili/evitante-alto.html
evitante medio,profili intensita,alta,https://stiliattaccamento.com/profili/evitante-medio.html
evitante basso,profili intensita,alta,https://stiliattaccamento.com/profili/evitante-basso.html
secure alto,profili intensita,alta,https://stiliattaccamento.com/profili/secure-alto.html
secure medio,profili intensita,alta,https://stiliattaccamento.com/profili/secure-medio.html
secure basso,profili intensita,alta,https://stiliattaccamento.com/profili/secure-basso.html
oscillante alto,profili intensita,alta,https://stiliattaccamento.com/profili/disorganizzato-alto.html
oscillante medio,profili intensita,alta,https://stiliattaccamento.com/profili/disorganizzato-medio.html
oscillante basso,profili intensita,alta,https://stiliattaccamento.com/profili/disorganizzato-basso.html
12 profili attaccamento,profili intensita,alta,https://stiliattaccamento.com/archetipi.html
livelli intensità attaccamento,profili intensita,alta,https://stiliattaccamento.com/modello-gradienti.html
modello a gradienti attaccamento,profili intensita,alta,https://stiliattaccamento.com/modello-gradienti.html
ansia e evitamento attaccamento,profili intensita,alta,https://stiliattaccamento.com/modello-gradienti.html
profilo ansioso alto,profili intensita,media,https://stiliattaccamento.com/profili/ansioso-alto.html
profilo evitante alto,profili intensita,media,https://stiliattaccamento.com/profili/evitante-alto.html
profilo oscillante alto,profili intensita,media,https://stiliattaccamento.com/profili/disorganizzato-alto.html
archetipi attaccamento,profili intensita,media,https://stiliattaccamento.com/archetipi.html
tarocchi attaccamento,profili intensita,bassa,https://stiliattaccamento.com/archetipi.html
dinamiche di coppia attaccamento,relazioni e coppia,alta,https://stiliattaccamento.com/dinamiche-coppia.html
coppia ansioso evitante,relazioni e coppia,alta,https://stiliattaccamento.com/dinamiche-coppia.html
ciclo ansioso evitante,relazioni e coppia,alta,https://stiliattaccamento.com/dinamiche-coppia.html
partner ansioso,relazioni e coppia,alta,https://stiliattaccamento.com/come-supportare-partner.html
partner evitante,relazioni e coppia,alta,https://stiliattaccamento.com/come-supportare-partner.html
come supportare partner ansioso,relazioni e coppia,alta,https://stiliattaccamento.com/come-supportare-partner.html
come supportare partner evitante,relazioni e coppia,alta,https://stiliattaccamento.com/come-supportare-partner.html
paura dell'abbandono,relazioni e coppia,alta,https://stiliattaccamento.com/profili/ansioso-alto.html
paura dell'intimità,relazioni e coppia,alta,https://stiliattaccamento.com/profili/evitante-alto.html
bisogno di conferma relazione,relazioni e coppia,media,https://stiliattaccamento.com/profili/ansioso-medio.html
distanza emotiva partner,relazioni e coppia,media,https://stiliattaccamento.com/profili/evitante-medio.html
gelosia attaccamento ansioso,relazioni e coppia,media,https://stiliattaccamento.com/profili/ansioso-alto.html
coppia ansioso ansioso,relazioni e coppia,media,https://stiliattaccamento.com/dinamiche-coppia.html
coppia evitante evitante,relazioni e coppia,media,https://stiliattaccamento.com/dinamiche-coppia.html
coppia secure ansioso,relazioni e coppia,media,https://stiliattaccamento.com/dinamiche-coppia.html
coppia secure evitante,relazioni e coppia,media,https://stiliattaccamento.com/dinamiche-coppia.html
relazione tossica attaccamento,relazioni e coppia,media,https://stiliattaccamento.com/dinamiche-coppia.html
test auto osservazione attaccamento,test e strumenti,alta,https://stiliattaccamento.com/test.html
mappa personale attaccamento,test e strumenti,alta,https://stiliattaccamento.com/mappa-personale.html
profilo attaccamento,test e strumenti,alta,https://stiliattaccamento.com/mappa-personale.html
autovalutazione attaccamento,test e strumenti,alta,https://stiliattaccamento.com/test.html
questionario attaccamento,test e strumenti,alta,https://stiliattaccamento.com/test.html
percorso attaccamento,test e strumenti,alta,https://stiliattaccamento.com/il-tuo-percorso.html
esercizi attaccamento,test e strumenti,alta,https://stiliattaccamento.com/esercizi.html
esercizi stile ansioso,test e strumenti,alta,https://stiliattaccamento.com/esercizi.html
esercizi stile evitante,test e strumenti,alta,https://stiliattaccamento.com/esercizi.html
esercizi stile oscillante,test e strumenti,media,https://stiliattaccamento.com/esercizi.html
da dove iniziare attaccamento,test e strumenti,media,https://stiliattaccamento.com/da-dove-inizi.html
il tuo percorso attaccamento,test e strumenti,media,https://stiliattaccamento.com/il-tuo-percorso.html
radar attaccamento,test e strumenti,bassa,https://stiliattaccamento.com/mappa-personale.html
Bowlby attaccamento,teoria e fondamenti,alta,https://stiliattaccamento.com/fondamenti.html
Ainsworth attaccamento,teoria e fondamenti,alta,https://stiliattaccamento.com/fondamenti.html
base sicura Bowlby,teoria e fondamenti,alta,https://stiliattaccamento.com/fondamenti.html
modelli operativi interni,teoria e fondamenti,alta,https://stiliattaccamento.com/fondamenti.html
MOI attaccamento,teoria e fondamenti,media,https://stiliattaccamento.com/fondamenti.html
quattro stili attaccamento Ainsworth,teoria e fondamenti,alta,https://stiliattaccamento.com/stili-base.html
attaccamento infantile adulto,teoria e fondamenti,media,https://stiliattaccamento.com/fondamenti.html
legame affettivo teoria,teoria e fondamenti,media,https://stiliattaccamento.com/fondamenti.html
EFT terapia di coppia,teoria e fondamenti,alta,https://stiliattaccamento.com/libri/hold-me-tight.html
terapia focalizzata sulle emozioni,teoria e fondamenti,alta,https://stiliattaccamento.com/libri/hold-me-tight.html
strange situation Ainsworth,teoria e fondamenti,bassa,https://stiliattaccamento.com/fondamenti.html
internal working models,teoria e fondamenti,bassa,https://stiliattaccamento.com/fondamenti.html
attaccamento e sessualità,approfondimenti verticali,alta,https://stiliattaccamento.com/approfondimenti/sessualita.html
attaccamento e genitorialità,approfondimenti verticali,alta,https://stiliattaccamento.com/approfondimenti/genitorialita.html
attaccamento e lutto,approfondimenti verticali,alta,https://stiliattaccamento.com/approfondimenti/lutto.html
attaccamento e separazione,approfondimenti verticali,alta,https://stiliattaccamento.com/approfondimenti/separazione.html
attaccamento e tradimento,approfondimenti verticali,alta,https://stiliattaccamento.com/approfondimenti/tradimento.html
attaccamento e lavoro,approfondimenti verticali,media,https://stiliattaccamento.com/approfondimenti/lavoro.html
attaccamento e amicizie,approfondimenti verticali,media,https://stiliattaccamento.com/approfondimenti/amicizie.html
attaccamento e denaro,approfondimenti verticali,media,https://stiliattaccamento.com/approfondimenti/finanze.html
focusing attaccamento,approfondimenti verticali,alta,https://stiliattaccamento.com/approfondimenti/focusing.html
crescita personale attaccamento,approfondimenti verticali,media,https://stiliattaccamento.com/approfondimenti/crescita.html
attaccamento e famiglia,approfondimenti verticali,media,https://stiliattaccamento.com/approfondimenti/famiglia.html
intimità emotiva attaccamento,approfondimenti verticali,media,https://stiliattaccamento.com/approfondimenti/sessualita.html
co-regolazione emotiva genitorialità,approfondimenti verticali,bassa,https://stiliattaccamento.com/approfondimenti/genitorialita.html
cos'è uno stile di attaccamento,long tail,alta,https://stiliattaccamento.com/stili-base.html
come capire il mio stile di attaccamento,long tail,alta,https://stiliattaccamento.com/test.html
come cambiare stile di attaccamento,long tail,alta,https://stiliattaccamento.com/esercizi.html
si può cambiare stile di attaccamento,long tail,alta,https://stiliattaccamento.com/esercizi.html
perché le relazioni mi stancano,long tail,alta,https://stiliattaccamento.com/
perché ho paura di essere abbandonato,long tail,alta,https://stiliattaccamento.com/profili/ansioso-alto.html
perché mi allontano quando mi avvicino,long tail,alta,https://stiliattaccamento.com/profili/disorganizzato-medio.html
quando cercare aiuto psicologico relazioni,long tail,alta,https://stiliattaccamento.com/quando-cercare-aiuto.html
terapeuta attaccamento,long tail,alta,https://stiliattaccamento.com/quando-cercare-aiuto.html
libri stili di attaccamento,long tail,alta,https://stiliattaccamento.com/libri.html
Attached libro italiano,long tail,media,https://stiliattaccamento.com/libri/attached.html
Hold Me Tight italiano,long tail,media,https://stiliattaccamento.com/libri/hold-me-tight.html
Secure Base Bowlby libro,long tail,media,https://stiliattaccamento.com/libri/secure-base.html
come riconoscere attaccamento ansioso,long tail,media,https://stiliattaccamento.com/profili/ansioso-medio.html
come riconoscere attaccamento evitante,long tail,media,https://stiliattaccamento.com/profili/evitante-medio.html
segni attaccamento oscillante,long tail,media,https://stiliattaccamento.com/profili/disorganizzato-medio.html
storie reali attaccamento,long tail,media,https://stiliattaccamento.com/storie-reali.html
viaggio consapevolezza relazionale,long tail,bassa,https://stiliattaccamento.com/storie-reali.html
glossario attaccamento,long tail,bassa,https://stiliattaccamento.com/risorse.html
risorse attaccamento,long tail,media,https://stiliattaccamento.com/risorse.html
adult attachment interview,libri e riferimenti,bassa,https://stiliattaccamento.com/libri/adult-attachment-interview.html
polysecure attaccamento,libri e riferimenti,bassa,https://stiliattaccamento.com/libri/polysecure.html
the body keeps the score italiano,libri e riferimenti,bassa,https://stiliattaccamento.com/libri/the-body-keeps-the-score.html
vergogna attaccamento evitante,libri e riferimenti,media,https://stiliattaccamento.com/libri/the-gifts-of-imperfection.html
trauma corpo attaccamento,libri e riferimenti,media,https://stiliattaccamento.com/libri/the-body-remembers.html
come stai focusing libro,libri e riferimenti,bassa,https://stiliattaccamento.com/libri/come-stai.html
intelligenza emotiva relazioni,libri e riferimenti,bassa,https://stiliattaccamento.com/libri/emotional-intelligence.html
